Student_ID,Attendance,Study_Hours,Assignment_Marks,Internal_Marks,Final_Marks,Previous_Marks,Current_Marks
ST001,86.0,3.5,17.0,18.0,78.0,70.0,78.0
ST002,92.0,5.0,19.0,20.0,88.0,82.0,88.0
ST003,74.0,2.5,14.0,15.0,65.0,68.0,65.0
ST004,81.0,4.0,16.0,17.0,72.0,64.0,72.0
ST005,68.0,2.0,12.0,13.0,58.0,52.0,58.0
ST006,80.1,4.2,12.1,18.6,85.1,84.7,85.1
ST007,88.8,7.3,16.4,20.0,98.0,90.8,98.0
ST008,77.2,6.3,15.3,20.0,93.8,87.3,93.8
ST009,77.2,5.3,10.7,20.0,98.0,93.9,98.0
ST010,74.3,2.3,10.7,15.0,65.9,68.3,65.9
ST011,72.0,2.6,10.7,13.1,79.0,73.7,79.0
ST012,60.5,1.8,8.8,14.4,53.3,47.4,53.3
ST013,82.6,6.6,16.9,20.0,98.0,94.8,98.0
ST014,68.9,5.4,15.1,20.0,94.1,86.2,94.1
ST015,89.3,5.7,14.0,20.0,98.0,95.0,98.0
ST016,68.4,1.8,8.1,17.6,70.1,69.1,70.1
ST017,89.3,7.8,19.3,20.0,98.0,95.0,98.0
ST018,87.3,6.9,17.4,20.0,98.0,91.3,98.0
ST019,54.6,2.8,13.5,15.9,87.0,82.7,87.0
ST020,62.9,2.4,12.3,15.7,77.6,81.3,77.6
ST021,74.7,2.6,11.6,15.2,72.9,76.9,72.9
ST022,75.3,3.2,10.0,16.0,76.1,76.6,76.1
ST023,79.0,4.9,13.0,20.0,88.0,81.8,88.0
ST024,75.2,4.5,11.7,20.0,91.5,89.7,91.5
ST025,75.1,3.4,11.9,18.4,75.3,75.5,75.3
ST026,76.7,5.2,10.2,20.0,95.8,95.0,95.8
ST027,54.9,2.2,8.8,15.4,77.8,79.0,77.8
ST028,68.5,3.0,10.3,20.0,84.9,89.6,84.9
ST029,74.1,3.7,9.6,19.5,81.6,83.4,81.6
ST030,81.1,4.3,14.1,19.5,96.4,95.0,96.4
ST031,76.5,6.7,15.0,20.0,98.0,92.3,98.0
ST032,67.3,2.9,11.0,18.3,87.6,85.3,87.6
ST033,75.7,4.7,17.7,19.7,92.7,93.0,92.7
ST034,71.3,5.1,11.7,20.0,95.5,83.3,95.5
ST035,66.5,1.9,8.8,11.4,62.7,62.4,62.7
ST036,84.7,5.6,14.3,20.0,98.0,90.3,98.0
ST037,63.6,2.3,8.8,16.2,72.5,63.0,72.5
ST038,75.0,1.7,9.9,17.3,60.0,63.3,60.0
ST039,86.4,7.4,19.5,20.0,98.0,94.7,98.0
ST040,86.5,7.6,19.3,20.0,98.0,95.0,98.0
ST041,81.4,6.5,15.3,20.0,97.5,95.0,97.5
ST042,65.9,3.5,15.3,15.9,86.3,81.1,86.3
ST043,59.7,1.8,6.2,13.8,53.0,52.5,53.0
ST044,72.9,5.9,13.9,20.0,94.7,93.7,94.7
ST045,73.7,4.4,13.3,17.9,96.7,94.4,96.7
ST046,65.2,2.2,9.7,16.5,66.8,65.3,66.8
ST047,62.9,4.8,14.4,19.2,94.4,95.0,94.4
ST048,60.2,1.3,10.5,14.9,55.7,49.5,55.7
ST049,87.7,7.2,17.3,20.0,98.0,90.8,98.0
ST050,72.9,3.3,11.5,16.4,78.7,74.3,78.7
ST051,88.3,5.8,14.4,20.0,98.0,95.0,98.0
ST052,75.4,3.4,12.3,17.1,84.2,84.0,84.2
ST053,73.8,5.0,13.5,20.0,98.0,95.0,98.0
ST054,71.7,4.7,13.0,20.0,84.0,71.6,84.0
ST055,71.5,2.9,11.5,17.3,79.3,72.5,79.3
ST056,85.9,7.6,19.7,20.0,98.0,95.0,98.0
ST057,77.3,6.6,13.2,20.0,93.3,89.6,93.3
ST058,100.0,7.3,18.2,20.0,98.0,95.0,98.0
ST059,84.6,7.0,16.8,20.0,98.0,92.7,98.0
ST060,75.1,5.3,15.9,20.0,98.0,92.8,98.0
ST061,74.2,7.2,17.1,20.0,98.0,90.7,98.0
ST062,68.7,1.9,11.0,19.0,73.8,74.2,73.8
ST063,59.4,2.3,8.7,13.2,76.5,73.1,76.5
ST064,63.3,1.8,5.5,16.5,64.5,68.5,64.5
ST065,76.1,3.4,13.0,14.4,72.3,74.3,72.3
ST066,66.7,3.9,11.0,15.2,77.4,70.9,77.4
ST067,69.4,3.1,8.6,15.3,76.9,77.7,76.9
ST068,95.6,7.0,17.2,20.0,98.0,95.0,98.0
ST069,56.5,3.6,11.4,17.1,72.4,69.4,72.4
ST070,65.9,3.5,12.8,18.0,88.0,82.2,88.0
ST071,71.2,4.8,15.0,19.9,85.1,86.3,85.1
ST072,63.8,2.2,9.7,14.9,75.7,86.6,75.7
ST073,84.9,6.7,15.4,20.0,98.0,95.0,98.0
ST074,57.6,2.0,9.6,15.4,66.2,58.4,66.2
ST075,87.1,8.0,19.0,20.0,98.0,93.6,98.0
ST076,78.7,6.3,16.9,20.0,98.0,89.7,98.0
ST077,64.1,2.5,8.7,15.6,75.1,76.6,75.1
ST078,62.2,1.3,7.5,14.2,65.1,68.7,65.1
ST079,90.2,6.6,17.3,20.0,98.0,93.1,98.0
ST080,89.2,6.2,17.8,20.0,98.0,94.0,98.0
ST081,85.5,5.9,16.9,20.0,98.0,93.8,98.0
ST082,79.5,6.6,16.7,20.0,98.0,91.3,98.0
ST083,62.6,1.7,8.0,13.1,54.4,49.7,54.4
ST084,87.2,4.0,13.0,20.0,92.8,88.2,92.8
ST085,70.1,2.0,7.6,15.2,72.6,66.7,72.6
ST086,84.3,7.1,16.1,20.0,98.0,93.0,98.0
ST087,89.2,5.5,17.1,20.0,98.0,91.6,98.0
ST088,69.8,3.8,12.7,17.9,83.8,76.8,83.8
ST089,60.0,2.0,8.7,14.1,71.7,62.6,71.7
ST090,79.6,3.6,13.0,20.0,89.0,88.6,89.0
ST091,62.9,3.5,13.5,15.8,77.7,72.8,77.7
ST092,71.9,6.3,15.4,20.0,98.0,95.0,98.0
ST093,85.4,5.5,14.2,20.0,93.0,93.3,93.0
ST094,86.7,7.0,16.4,20.0,98.0,95.0,98.0
ST095,76.0,4.5,14.6,18.7,87.0,82.0,87.0
ST096,61.8,2.0,10.7,13.6,74.6,69.9,74.6
ST097,81.0,6.1,17.8,20.0,98.0,93.4,98.0
ST098,79.7,6.1,17.3,20.0,98.0,95.0,98.0
ST099,73.7,5.0,11.6,20.0,95.0,92.0,95.0
ST100,80.6,6.2,16.3,20.0,94.4,88.1,94.4
